Begriff,Definition,UUID
"Aufgaben, Rollen, Zuständigkeiten","Aufgaben, Rollen, Zuständigkeiten beschreibt Verfahren und Regelungen zur Aufgabenverteilung in der Informationssicherheit, um die Maßnahmen der Institution nachvollziehbar und wirksam zu gestalten. Es grenzt sich ab von vorgelagerten Aspekten wie Grundlagen und nachgelagerten Aspekten wie Personalzugang. Schwerpunkte sind u. a.: Aufgaben; Rollen; Rollentrennung.",eee896e5-d143-498b-b22f-c3daf3dea98b
Abnahme,"Abnahme beschreibt die formale Prüfung und Bestätigung, dass gelieferte Produkte oder Dienstleistungen die vereinbarten fachlichen, sicherheitsrelevanten und vertraglichen Anforderungen erfüllen, bevor sie in den Betrieb überführt werden. Es grenzt sich von der Freigabe im Change-Management ab, die den Entscheidungsakt zur Inbetriebnahme regelt, und vom übergreifenden Freigabeverfahren, das Verfahren und Regelungen zum Genehmigungsprozess des Managementsystems beschreibt. Beispiel: formale Abnahmeprotokolle mit Nachweisen zu Sicherheitsmerkmalen, Testberichten und Liefergegenständen.",1e7fd1c1-d45f-48c1-a3db-8ad9c9e9cf52
Administration,"Administration beschreibt Verfahren und Regelungen zum Thema ""Administration"" im Rahmen der jeweiligen Praktik, um die Informationssicherheit der Institution nachvollziehbar und wirksam zu gestalten. Schwerpunkte sind u. a.: Grundprinzipien der Systemadministration sowie der Umgang mit privilegierten Berechtigungen.",fa8f30ac-003e-4f35-91d8-7040fb573b6f
Analyse der interessierten Parteien,"Die Analyse der interessierten Parteien (Stakeholder) identifiziert systematisch alle Personen, Gruppen oder Institutionen, die ein berechtigtes Interesse an der Informationssicherheit der Institution haben oder von dieser betroffen sind.",4b35f8c9-b6f8-490d-859a-056d56c8c538
Anforderungsergänzung,Anforderungsergänzung beschreibt das Verfahren und Regelungen zur Erstellung zusätzlicher bzw. neuer Anforderungen.,a93701b3-22d3-44c5-8a06-02b957e7f066
Anforderungsmodellierung auf die Assets,"Die Anforderungsmodellierung auf die Assets beinhaltet die Modellierung der Anforderungen mit Zielobjekt, die Vererbung von Zielobjektkategorien, die Konsolidierung und Redundanzprüfung und die Modellierung der Anforderungen ohne Zielobjektkategorie.",415ca274-2700-4b93-91f2-c66b67421da8
Asset-Modellierung,Asset-Modellierung beschreibt das Vorgehen zur Erfassung aller für die Institution relevanten Assets.,6cdaddf7-6c9c-4335-b69f-5a973cfddf5f
Auditprogramm und -durchführung,"Die Planung des Auditprogramm muss risikoorientiert erfolgen und dokumentiert werden. Dabei sollte sichergestellt werden, dass die Effektivität und Effizienz aller angewandten Praktiken mindestens einmal sinnvoll geprüft werden. Ein Verfahren zum Aufbau und zur Pflege eines oder mehrerer Auditprogramme muss verankert werden, dass die systematische Planung, Durchführung und Nachverfolgung von Audits ermöglicht.",fcc79624-9fa4-4e70-9ad8-89af7dfdc777
Ausfallsicherheit,"Ausfallsicherheit beschreibt die Fähigkeit von Prozessen und Systemarchitekturen, den Betrieb trotz Störungen fortzuführen oder schnell wiederherzustellen, u. a. durch Redundanz, Fehlertoleranz und Resilienz. Sie grenzt sich von Datensicherung ab, die Sicherung und Wiederherstellung von Informationen adressiert, und von Notfallmanagement, das übergreifende Verfahren und Regelungen zum Krisenbetrieb beschreibt. Beispiel: Redundante Auslegung kritischer Komponenten und georedundante Betriebsverfahren.",f05e8f6f-a5f0-41b9-9a37-f859152401aa
Auswahl von Lieferanten,"Auswahl von Lieferanten beschreibt Verfahren und Regelungen zur Beurteilung und Auswahl von Unternehmen als Vertragspartner, einschließlich Eignung, Sicherheit, Compliance und Risiken über den Lebenszyklus. Es grenzt sich von der Auswahl von Produkten und Dienstleistungen ab, die die Bewertung konkreter Leistungen adressiert, sowie von Zusammenarbeit und Kündigung, die die laufende Steuerung bzw. Beendigung der Beziehung regeln. Beispiel: risikobasierte Lieferantenbewertung mit Due-Diligence und Mindestanforderungen.",340195f1-302e-4d8c-bcc5-0975d676d8e7
Auswahl von Produkten und Dienstleistungen - Kündigung,"Auswahl – Kündigung beschreibt Verfahren und Regelungen zur geordneten Beendigung von Leistungen, einschließlich Datenrückgabe, Löschung, Übergang und Risiken durch Abhängigkeiten. Es grenzt sich von der Auswahl (Bewertung vor Vertrag) und der Zusammenarbeit (laufende Steuerung) ab. Beispiel: Exit-Plan mit Datenportabilität, Löschbestätigungen und Entflechtung technischer Zugänge.",32e31c52-6cef-4f86-95e0-84cb877f558a
Auswahl von Produkten und Dienstleistungen - Zusammenarbeit,"Auswahl – Zusammenarbeit beschreibt Verfahren und Regelungen zur Steuerung der laufenden Zusammenarbeit mit Anbietenden, einschließlich Leistungserbringung, Nachweisen, Änderungen und Eskalationen. Es grenzt sich von der initialen Auswahl (Bewertung vor Vertrag) und der Kündigung (Beendigung) ab. Beispiel: regelmäßige Service-Reviews, Berichtswesen und Maßnahmenverfolgung.",70b4f78c-736e-4e2b-b2bf-367e4b41590d
Auswahl von Produkten und Dienstleistungen,"Auswahl von Produkten und Dienstleistungen beschreibt Verfahren und Regelungen zur sicherheits- und compliancegerechten Bewertung konkreter Leistungen und ihrer Konfiguration. Es grenzt sich von der Auswahl von Lieferanten (Unternehmensbewertung) sowie von Zusammenarbeit und Kündigung (Beziehungssteuerung) ab. Beispiel: Sicherheitsanforderungen in Leistungsbeschreibungen, Nachweisprüfung und Auswahlentscheidungen.",96adc7ae-935e-4dae-83ab-07521980bc56
Authentifizierung,"Authentifizierung beschreibt den technischen Nachweis einer Identität gegenüber einem System mittels Faktoren (z. B. Wissen, Besitz, Inhärenz) und Protokollen. Sie grenzt sich von Authentisierung ab, die Verfahren und Regelungen zum Einsatz, zur Verwaltung und zur organisatorischen Nutzung von Authentisierungs­mitteln beschreibt. Beispiel: Einsatz von Mehr-Faktor-Mechanismen und sicheren Protokollen an Systemgrenzen.",618d8261-144b-478d-a003-dde3c830b0e6
Authentisierung,"Authentisierung beschreibt Verfahren und Regelungen zur Bereitstellung, Verwaltung und Nutzung von Authentisierungs­mitteln durch natürliche Personen in der Institution (z. B. Ausgabe, Bindung an Identitäten, Rücknahme). Sie grenzt sich von Authentifizierung ab, die den technischen Nachweis gegenüber Systemen behandelt. Beispiel: Ausgabe- und Widerrufsverfahren für Token oder Smartcards mit Identitätsprüfung.",44f9534d-e992-4c9c-8170-6e32f350cbd7
Bedarfserfassung,"Bedarfserfassung beschreibt Verfahren und Regelungen zum Thema ""Bedarfserfassung"" im Rahmen der jeweiligen Praktik, um die Informationssicherheit der Institution nachvollziehbar und wirksam zu gestalten. Es grenzt sich ab von vorgelagerten Aspekten wie Grundlagen und nachgelagerten Aspekten wie Auswahl von Lieferanten. Schwerpunkte sind u. a.: Erfassung des Bedarfes; Dokumentation des Rechtsraums und der Datenlokation; Vereinbarung des Rechtsraums und der Datenlokation.",47a13147-f7c8-47cf-ab97-1ba09b52a759
Behandlung von Compliance-Verstößen,"Die systematische Behandlung von Compliance-Verstößen trägt dazu bei, die Einhaltung regulatorischer, vertraglicher und interner Anforderungen sicherzustellen. Ein strukturierter Umgang mit Verstößen hilft ähnliche Vorfälle in Zukunft zu vermeiden.",e74feb8d-d009-46ff-9222-afecbdb555a2
Berechtigungsmanagement,"Berechtigungsmanagement beschreibt Verfahren und Regelungen zur Vergabe, Änderung, Entziehung und regelmäßigen Überprüfung von Zugriffsrechten basierend auf Rollen, Prinzip der minimalen Rechte und Nachvollziehbarkeit. Es grenzt sich vom Identitätsmanagement ab, das den Lebenszyklus der Identitäten (Joiner/Mover/Leaver) behandelt. Beispiel: rollenbasierte Rechte-Modelle, Rezertifizierung und technische Durchsetzung.",a4083c4c-2ba7-4444-be07-6171b5d83f28
Bereitstellung und Betrieb,"Bereitstellung und Betrieb beschreibt Verfahren und Regelungen zum Thema ""Bereitstellung und Betrieb"" im Rahmen der jeweiligen Praktik, um die Informationssicherheit der Institution nachvollziehbar und wirksam zu gestalten. Es grenzt sich ab von vorgelagerten Aspekten wie Freigabe. Schwerpunkte sind u. a.: Sichere Bereitstellung; Zertifikatsmonitoring.",46880db8-b893-47e3-ae6d-c922054791da
Bereitstellung,"Bereitstellung beschreibt Verfahren und Regelungen zum Thema ""Bereitstellung"" im Rahmen der jeweiligen Praktik, um die Informationssicherheit der Institution nachvollziehbar und wirksam zu gestalten. Es grenzt sich ab von vorgelagerten Aspekten wie Freigabe. Schwerpunkte sind u. a.: Information betroffener Kreise; Verschlüsselte Bereitstellung; Schrittweiser Rollout.",5dbf36bf-6942-4d96-8337-0b9f93dff9bf
Besondere Aufbauorganisation,"Eine Besondere Aufbauorganisation (BAO) ist eine zeitlich begrenzte, aufwendige und spezialisierte Organisationsstruku in Institutionen, die eingerichtet wird, um umfangreiche, komplexe und nicht alltägliche Notlagen zu bewältigen, welche mit der normalen Alltagsorganisation (Allgemeine Aufbauorganisation, AAO) nicht bewältigt werden können. Sie dient der Koordination von Kräften, der Sicherstellung einheitlicher Führung und der Bewältigung von Problemen durch einen erhöhten Kräftebedarf, lange Einsatzdauer oder verschiedene Zuständigkeiten.",731579c3-e8bb-4b11-b40a-74303d8bbb6e
Bewertung der erreichten Verbesserung,"Die systematische Bewertung der erreichten Verbesserungen ist ein wesentlicher Schritt, um den Erfolg des kontinuierlichen Verbesserungsprozesses zu messen und zukünftige Entwicklungen zu steuern. Sie schafft Transparenz über die erzielten Fortschritte und ermöglicht eine fundierte Entscheidungsfindung für die weitere Entwicklung des ISMS.",3fc75a52-d139-425b-bb94-3ff6ec542d7d
Bewertung fehlender Umsetzungen,"Die Bewertung der Restrisiken, die aus allen nicht erfüllten Anforderungen resultieren und ermöglicht eine fundierte Entscheidungsfindung über den Umgang mit identifizierten Lücken.",867d4b3e-164b-4a57-8143-7f9d5e7c2bc4
Bewertungsschema und Auditberichte,"Auditergebnisse müssen in strukturierten Berichten dokumentiert werden, die eine klare und nachvollziehbare Darstellung der Feststellungen, ihrer Bewertung und der empfohlenen Maßnahmen enthalten. Die Berichte sollten sowohl für das Management als auch für die fachlich Verantwortlichen verständlich sein. Ein einheitliches Bewertungsschema für Feststellungen in Audits sollte verankert werden, um die konsistente Bewertung und Vergleichbarkeit von Auditergebnissen sicherzustellen.",e930a1bb-35b2-4038-9193-34554c2cfa9a
Datensicherung,"Datensicherung beschreibt Verfahren und Regelungen zur Erstellung, Aufbewahrung, Integritätsprüfung und Wiederherstellung von Sicherungskopien für informationsverarbeitende Systeme und Daten. Sie grenzt sich von Ausfallsicherheit ab, die die kontinuierliche Verfügbarkeit durch Architektur- und Betriebsmaßnahmen adressiert. Beispiel: definierte Backup-Generationen, regelmäßige Restore-Tests und unveränderliche Backup-Ziele.",1078068d-5241-4138-a16e-22d9c44330fc
Dedizierte Systeme,"Dedizierte Systeme beschreibt die Bereitstellung und den Betrieb isolierter Umgebungen für besonders schützenswerte Aufgaben oder Daten mit klaren Grenzen und kontrollierten Schnittstellen. Es grenzt sich von gemeinsamen Arbeitsbereichen ab, die kollaborative Nutzung und geteilte Ressourcen adressieren. Beispiel: getrennte Verwaltungsdomänen, Netzwerksegmentierung und gesicherte Datenpfade.",bf7db888-b581-45a9-bccd-32cc5bdb81b5
Definition und Abgrenzung des Informationsverbunds,"Der Informationsverbund umfasst die Gesamtheit aller informationsverarbeitenden Systeme, Prozesse und Komponenten, die innerhalb des festgelegten Geltungsbereichs betrachtet werden. Der Informationsverbund beschreibt damit die tatsächliche Struktur der Informationsverarbeitung in der Institution. In der Praxis kann es in einem Geltungsbereich auch mehrere Informationsverbünde geben.",ecd8ab64-23ff-45b1-bbad-b00c4fe7237a
Dekommissionierung von Dienstleistern,"Dekommissionierung von Dienstleistern beschreibt Verfahren und Regelungen zur strukturierten Beendigung von Dienstleisterbeziehungen, einschließlich Widerruf von Zugängen, Datenübergabe oder -löschung und Nachweisführung. Es grenzt sich von Zusammenarbeit (laufender Betrieb) und Auswahl (Initialphase) ab. Beispiel: Checkliste zur Entflechtung, Schlüsselrückgabe, Accountsperrung und Bestätigungen.",79ec9403-2fb2-4bae-bb5c-eac9e5d8d607
Dokumentation und Kommunikation,"Eine strukturierte Dokumentation und effektive Kommunikation sind wesentliche Elemente eines funktionierenden ISMS. Sie gewährleisten, dass alle relevanten Informationen verfügbar, aktuell und für die jeweiligen Zielgruppen zugänglich sind.",4958c54f-47a9-4f53-808d-77aca3ca70ef
Durchführung der Risikobetrachtung,Die Risikobetrachtung nutzt festgelegten Informationen und erfolgt nach den Vorgaben des BSI in einem separaten Dokument zur Risikobetrachtung.,5ec41880-f68f-4d47-978f-fba700783fe1
Entwicklung einer Sicherheitsleitlinie,Die Sicherheitsleitlinie definiert die Ziele der Informationssicherheit in der Institution und stellt ein dokument dar welches von der Institutionsleitung freigegeben und an alle Mitarbeitenden kommuniziert werden muss.,330c95ba-022d-4de5-91f6-58557e18a660
Ermittlung des Umsetzungsstatus,"Die Ermittlung bzw. Überprüfung des Umsetzungsstatus bildet den Ausgangspunkt der Umsetzung und dient der systematischen Erfassung des aktuellen Umsetzungsstands aller Anforderungen aus dem im Rahmen der Anforderungsanalyse erstellten Anforderungspakets. Dieser Schritt liefert ein klares Bild davon, welche Anforderungen bereits erfüllt sind und wo Handlungsbedarf besteht.",6f601170-b962-46c9-9924-8ab879831057
Erstellung eines Anforderungspakets,Beschreibt das Vorgehen zur Erstellung eines Anforderungspakets.,296d10e0-e54b-4c31-aadf-1307d5d9d3ba
Festlegung des Geltungsbereichs,"Der Geltungsbereich beschreibt, wo und für wen das ISMS gilt. Er legt den formalen und organisatorischen Umfang (Scope) fest, in dem das ISMS angewendet wird. Damit definiert er die Grenzen der institutionellen Verantwortung für Informationssicherheit",68277eed-f2a3-413f-97c8-383561be418e
Festlegung des Kontextes der Institution,"Die systematische Analyse und Dokumentation des Kontextes umfasst alle internen und externen Faktoren, die einen Einfluss auf die Informationssicherheitsziele und -strategie der Institution haben.",a2157d39-b875-4bf8-9967-3c1df94006d2
Festlegung und Freigabe der Vorgehensweise,"Die Verfahren des ISMS müssen klar dokumentiert und auf die Größe sowie Komplexität der Institution abgestimmt sein, um das ISMS wirksam umzusetzen. Die Verfahren beinhalten insbesondere die Risikobetrachtung, die Etablierung von Änderungen im ISMS, die Dokumentenlenkung, die Leistungsbewertung und Auditierung, kontinuierliche Verbesserung sowie reaktive Verfahren (Sicherheitsvorfallbehandlung, Notfallmanagement).",1059d695-552e-49f9-ac41-2f2b3e40e3d4
Fortschrittsverfolgung der Realisierung,"Die systematische Nachverfolgung des Umsetzungsfortschritts der Maßnahmen ist entscheidend, um den Erfolg der Umsetzung zu gewährleisten und bei Bedarf korrigierend einzugreifen. Das Verfahren umfasst ebenfalls die Dokumentation des aktuellen Umsetzungsstands und etwaiger Abweichungen vom Plan.",7a14fdd1-99c6-4443-b48d-90e1bf4a73a9
Freigabe,"Freigabe bezeichnet den dokumentierten Entscheidungsakt im Change-Management, mit dem die Inbetriebnahme, Änderung oder Rücknahme eines Elements genehmigt wird. Sie grenzt sich von der Abnahme (Lieferprüfung vor Übergabe) ab und vom Freigabeverfahren, das die Verfahren und Regelungen zum Genehmigungsprozess im Managementsystem beschreibt. Beispiel: CAB-Entscheidung mit Begründung, Risikobewertung und Rückfallplan.",3c5acebf-32b1-42dc-a9ca-06c45aa320fb
Freigabeverfahren und Ausnahmemanagement,"Die Freigabeprozesse gewährleisten die formale Absicherung von Entscheidungen und den kontrollierten Umgang mit Abweichungen von den Anforderungen. Freigabeverfahren und Ausnahmemanagement umfassen Ausnahmegenehmigungen für Compliance-Verpflichtungen, die durch eine zuständige Person oder Rolle autorisiert werden müssen. Zusätzlich müssen Ausnahmegenehmigungen mit einer nachvollziehbaren Begründung dokumentiert werden.",86b2b22e-b2db-412b-947e-6c1a6132e656
Freigabeverfahren,"Freigabeverfahren beschreibt Verfahren und Regelungen zum Genehmigungsprozess innerhalb des Managementsystems, einschließlich Kriterien, Rollen, Dokumentation und Eskalation. Es grenzt sich von der Abnahme (Lieferprüfung) und der operativen Freigabe im Change-Management (Einzelfallentscheidung) ab. Beispiel: definierter Genehmigungs-Workflow mit Vier-Augen-Prinzip und Entscheidungsdokumentation.",639c6fdf-3ff8-4472-8dc9-57d8e12f8b98
Gemeinsame Arbeitsbereiche,"Gemeinsame Arbeitsbereiche beschreibt Verfahren und Regelungen zur sicheren kollaborativen Nutzung von Plattformen und geteilten Ressourcen bei klaren Verantwortlichkeiten, Datenklassifizierung und Zugriffskontrollen. Es grenzt sich von dedizierten Systemen ab, die isolierte Umgebungen für erhöhte Schutzbedarfe bereitstellen. Beispiel: geteilte Projektbereiche mit definierten Rollen, Freigaben und Löschkonzept.",568e9756-10ae-439c-9a20-61c443181f2c
Gestaltungsentscheidungen,"Bevor mit der Umsetzung des Anforderungspakets begonnen wird, gilt es zentrale Gestaltungsentscheidungen zu treffen. Parameter sind variabel gestaltbare Elemente innerhalb einer Anforderung, die Editoren, Auditoren und Anwendern Spielräume aufzeigen und zur automatisierten Prüfung genutzt werden können. Sie ermöglichen es, Anforderungen an spezifische Kontexte anzupassen. Sollte für eine Zielobjekt aus unterschiedlichen Vorgaben unterschiedliche Parametereinstellungen gefordert werden ist immer die sicherste Einstellung zu wählen.",dd48b96e-3f92-40fe-b776-39e97d17bb23
Grundlagen,"Grundlagen beschreibt Verfahren und Regelungen zum Thema ""Grundlagen"" im Rahmen der jeweiligen Praktik, um die Informationssicherheit der Institution nachvollziehbar und wirksam zu gestalten. Es grenzt sich ab von nachgelagerten Aspekten wie Meldung von Ereignissen. Schwerpunkte sind u. a.: Verfahren und Regelungen; Regelmäßige Überprüfung.",94bfadab-43f6-48d7-ac5e-49b8fbcf2794
Grundlegende Sensibilisierung,"Grundlegende Sensibilisierung beschreibt Verfahren und Regelungen zum Thema ""Grundlegende Sensibilisierung"" im Rahmen der jeweiligen Praktik, um die Informationssicherheit der Institution nachvollziehbar und wirksam zu gestalten. Es grenzt sich ab von vorgelagerten Aspekten wie Grundlagen und nachgelagerten Aspekten wie Schutz vor Schadprogrammen. Schwerpunkte sind u. a.: Schutzziele; Meldewege; Verschlüsselung und Signatur.",32b3abbe-7d9a-466f-afe5-4a42be1cc24a
ISMS-Anforderungen des Informationsverbundes,Alle Anforderungen der ISMS-Praktiken werden ohne weitere Selektion auf den Informationsverbund modelliert.,4b1393ff-95df-4296-8420-c3555becc9ed
Identifikation von Verbesserungspotenzialen,"Die Identifikation von Verbesserungspotenzialen ist ein wesentlicher Treiber für die kontinuierliche Weiterentwicklung des ISMS. Im Gegensatz zum reaktiven Umgang mit Nicht-Konformitäten zielt dieser Ansatz darauf ab, auch ohne vorangegangene Probleme oder Abweichungen Optimierungsmöglichkeiten zu erkennen und zu nutzen.",84043e81-8d07-407d-85c0-1cc9ebabaa8d
Identitätsmanagement,"Identitätsmanagement beschreibt Verfahren und Regelungen zum Lebenszyklus von Identitäten in der Institution (Anlage, Änderung, Beendigung), einschließlich Attributpflege, Bindung an natürliche Personen und Nachweisführung. Es grenzt sich vom Berechtigungsmanagement ab, das die Zuteilung und Überprüfung von Zugriffsrechten behandelt. Beispiel: Joiner-/Mover-/Leaver-Prozesse mit eindeutiger Identitätsbindung.",9a76360d-4c4c-4dd5-b783-ca4dc610de34
Implementierung des Compliance-Managements,"Compliance-Management ist die systematische Erfassung und Verwaltung von Compliance-Verpflichtungen für Informationssicherheit und stellt sicher, dass gesetzliche und vertragliche Vorgaben bekannt sind und bei der Sicherheitskonzeption berücksichtigt werden. Dies minimiert Compliance-Risiken und schafft gleichzeitig Transparenz über die externen und internen Anforderungen, die das ISMS erfüllen muss.",2889d7fd-4859-4352-9037-3d6a9ace7aa4
Initiierung des Risikomanagements,"Das Risikomanagement stellt sicher, dass Risiken systematisch identifiziert, eingeschätzt, bewertet und behandelt werden. Die Festlegung einheitlicher Kriterien für, Risikoeinschätzung, Risikobewertung und Risikobehandlung, sowie die Rolle des Risikoeigentümers sorgen für Transparenz und Verbindlichkeit.",94bc3dbf-4a44-43a4-8710-3ad958f4d109
Inventarisierung,"Inventarisierung beschreibt Verfahren und Regelungen zum Thema ""Inventarisierung"" im Rahmen der jeweiligen Praktik, um die Informationssicherheit der Institution nachvollziehbar und wirksam zu gestalten. Es grenzt sich ab von vorgelagerten Aspekten wie Grundlagen und nachgelagerten Aspekten wie Regelungen zum Gebrauch. Schwerpunkte sind u. a.: Inventar der Informationen; Inventar der Systeme; Inventar der Anwendungen.",3fb5e678-1707-4204-ae7a-9f4d326dd9c2
Kapazitätsmanagement,"Kapazitätsmanagement beschreibt Verfahren und Regelungen zum Thema ""Kapazitätsmanagement"" im Rahmen der jeweiligen Praktik, um die Informationssicherheit der Institution nachvollziehbar und wirksam zu gestalten. Es grenzt sich ab von vorgelagerten Aspekten wie Ausfallsicherheit. Schwerpunkte sind u. a.: Dimensionierung der Netzanbindung; Lastverteilung; Automatische Skalierung.",60e6c533-2880-4ce2-99b0-a544a6110f14
Kompensierende Kontrollmechanismen,"Kompensierende Kontrollmechanismen beschreibt Verfahren und Regelungen zum Thema ""Kompensierende Kontrollmechanismen"" im Rahmen der jeweiligen Praktik, um die Informationssicherheit der Institution nachvollziehbar und wirksam zu gestalten. Es grenzt sich ab von vorgelagerten Aspekten wie Abnahme. Schwerpunkte sind u. a.: Bereithaltung alternativer Lieferanten; Verfahren zur Übertragung von Geschäftsprozessen; Ressourcensouveränität.",125a0b4e-e1a3-45af-82e1-aeea71d5000d
Konfiguration von Anwendungen,"Konfiguration von Anwendungen beschreibt Verfahren und Regelungen zum Thema ""Konfiguration von Anwendungen"" im Rahmen der jeweiligen Praktik, um die Informationssicherheit der Institution nachvollziehbar und wirksam zu gestalten. Es grenzt sich ab von vorgelagerten Aspekten wie Verfügbarkeit von Ressourcen und nachgelagerten Aspekten wie Vertrauensbeziehungen. Schwerpunkte sind u. a.: Grundkonfiguration für Anwendungen; Kryptographische Verfahren und Protokolle in Anwendungen; Änderung von Default-Zugangsdaten.",77993322-eb6f-4099-a1aa-f3c03a3ac7a1
Konfiguration von Systemen,"Konfiguration von Systemen beschreibt Verfahren und Regelungen zum Thema ""Konfiguration von Systemen"" im Rahmen der jeweiligen Praktik, um die Informationssicherheit der Institution nachvollziehbar und wirksam zu gestalten. Es grenzt sich ab von vorgelagerten Aspekten wie Grundlagen und nachgelagerten Aspekten wie Physischer Schutz. Schwerpunkte sind u. a.: Grundkonfiguration für Systeme; Kryptographische Verfahren und Protokolle; Änderung von Default-Zugangsdaten.",c5a737da-f4f1-4e79-bd36-4600f2d4e6bb
Kontinuierliche Verbesserung,"Die kontinuierliche Verbesserung schließt den PDCA-Zyklus der Methodik-GS++ ab und stellt sicher, dass die Informationssicherheit stetig weiterentwickelt wird. In diesem Prozessschritt werden Erkenntnisse aus der Überwachung in konkrete Verbesserungsmaßnahmen umgesetzt.",26493190-fca2-4256-af0f-65adcbba8dad
Kontrolle von Dienstleistern,"Kontrolle von Dienstleistern beschreibt Verfahren und Regelungen zum Thema ""Kontrolle von Dienstleistern"" im Rahmen der jeweiligen Praktik, um die Informationssicherheit der Institution nachvollziehbar und wirksam zu gestalten. Es grenzt sich ab von vorgelagerten Aspekten wie Nutzung von digitalen Dienstleistungen und nachgelagerten Aspekten wie Dekommissionierung von Dienstleistern. Schwerpunkte sind u. a.: Einhaltung der Sicherheitsvorgaben; Checkup; Strategie-Check.",a804efd3-0198-445a-b065-005a59096b67
Kontrollierte Datenverarbeitung,"Kontrollierte Datenverarbeitung beschreibt Verfahren und Regelungen zum Thema ""Kontrollierte Datenverarbeitung"" im Rahmen der jeweiligen Praktik, um die Informationssicherheit der Institution nachvollziehbar und wirksam zu gestalten. Es grenzt sich ab von vorgelagerten Aspekten wie Vertrauensbeziehungen und nachgelagerten Aspekten wie Senden und Empfangen von Nachrichten. Schwerpunkte sind u. a.: Eingabevalidierung; Zertifikatsprüfung; Content Security Policy (CSP).",0588c1f1-d57a-4356-a14d-36bdf2f90b53
Korrektur- und Verbesserungsplan,Dieser Schritt beschreibt die Integration der Korrektur- und Verbesserungsplanung in den Umsetzungsplan.,b2718f17-64bf-4656-9a8b-d88748863ac4
Korrektur- und Verbesserungsvorschläge,Korrekturvorschlägen dienen der Beseitigung von Fehlerursachen im bestehenden ISMS. Verbesserungsvorschläge dienen der  proaktive Weiterentwicklung des ISMS. Die Vorschläge bilden den aktiven Teil des kontinuierlichen Verbesserungsprozesses und überführen die gewonnenen Erkenntnisse in konkrete Handlungen in den anstehenden Durchführungszyklen (PDCA-Zyklus).,e3d7bc94-002e-410f-99e8-ee0c396dadba
Leistungsbewertung des ISMS,Für eine effektive Leistungsbewertung müssen Verfahren und Regelungen zur Messung und Bewertung der ISMS-Leistung verankert werden.,68fb2d83-b361-4806-88dc-67455b24f87d
Löschen und Vernichten,"Löschen und Vernichten beschreibt Verfahren und Regelungen zum Thema ""Löschen und Vernichten"" im Rahmen der jeweiligen Praktik, um die Informationssicherheit der Institution nachvollziehbar und wirksam zu gestalten. Es grenzt sich ab von vorgelagerten Aspekten wie Rücknahme von Assets. Schwerpunkte sind u. a.: Nicht mehr benötigte Anwendungen; Aufbewahrungs- und Löschfristen; Geregeltes Löschen oder Vernichten.",18ef7966-f4d3-4400-85e4-7252fd57226b
Management von Schwachstellen,"Management von Schwachstellen beschreibt Verfahren und Regelungen zum Thema ""Management von Schwachstellen"" im Rahmen der jeweiligen Praktik, um die Informationssicherheit der Institution nachvollziehbar und wirksam zu gestalten. Es grenzt sich ab von vorgelagerten Aspekten wie Überwachung von Aktivitäten und nachgelagerten Aspekten wie Vorfallserkennung. Schwerpunkte sind u. a.: Zeitnahes Schwachstellenmanagement; Schwachstellenregister; Schwachstellenscans.",053a7519-64e7-4569-96e1-05dd10d73588
Managementbewertungen,"Managementbewertungen beschreibt Verfahren und Regelungen zum Thema ""Managementbewertungen"" im Rahmen der jeweiligen Praktik, um die Informationssicherheit der Institution nachvollziehbar und wirksam zu gestalten. Es grenzt sich ab von vorgelagerten Aspekten wie Audits und nachgelagerten Aspekten wie Monitoring. Schwerpunkte sind u. a.: Eignungsprüfung; Ergebnisse von Folgemaßnahmen; Geänderte Rahmenbedingungen.",b285951e-ef2e-4a4c-987b-a68d08c5ca46
Meldung von Ereignissen,"Meldung von Ereignissen beschreibt Verfahren und Regelungen zum Thema ""Meldung von Ereignissen"" im Rahmen der jeweiligen Praktik, um die Informationssicherheit der Institution nachvollziehbar und wirksam zu gestalten. Es grenzt sich ab von vorgelagerten Aspekten wie Grundlagen und nachgelagerten Aspekten wie Protokollierung. Schwerpunkte sind u. a.: Meldeverfahren; Security Operations Center; Ständiger Bereitschaftsdienst.",81dbe58a-e702-4407-970c-7a07d9e48b0a
Mobiles Arbeiten,"Mobiles Arbeiten beschreibt Verfahren und Regelungen zum Thema ""Mobiles Arbeiten"" im Rahmen der jeweiligen Praktik, um die Informationssicherheit der Institution nachvollziehbar und wirksam zu gestalten. Es grenzt sich ab von vorgelagerten Aspekten wie Physische Sicherheit und nachgelagerten Aspekten wie Administration. Schwerpunkte sind u. a.: Verarbeitung in der Öffentlichkeit; Vorsicht vor Mithören; Verwahrung außer Haus.",dc3166e4-7040-482b-b92c-1ef592d03639
Monitoringmethoden und -tools,Die Ergebnisse der Managementbewertung sollten in einem Managementbericht dokumentiert und in konkrete Entscheidungen und Maßnahmen zur Weiterentwicklung des ISMS überführt werden.,5d92a4e2-7171-41cf-b39b-5b272e9e7f24
Nachbereitung,"Beschreibt Verfahren und Regelungen zur Nachbereitung von Vorfällen im Rahmen der jeweiligen Praktik, um die Informationssicherheit der Institution nachvollziehbar und wirksam zu gestalten. Es grenzt sich ab von vorgelagerten Aspekten wie Reaktion.",ed0e3ca4-d7d3-4deb-adb0-923d14ab2eb0
Netzdesign,"Netzdesign beschreibt Verfahren und Regelungen zum Thema ""Netzdesign"" im Rahmen der jeweiligen Praktik, um die Informationssicherheit der Institution nachvollziehbar und wirksam zu gestalten. Es grenzt sich ab von vorgelagerten Aspekten wie Grundlagen und nachgelagerten Aspekten wie Wireless LAN. Schwerpunkte sind u. a.: Netzsegmente; Einschränkung von Verbindungen zwischen Segmenten; Netzplan.",db326398-c2cb-479f-99c4-860cac44855b
Notfallvorsorge,"Notfallvorsorge beschreibt Verfahren und Regelungen zum Thema ""Notfallvorsorge"" im Rahmen der jeweiligen Praktik, um die Informationssicherheit der Institution nachvollziehbar und wirksam zu gestalten. Es grenzt sich ab von vorgelagerten Aspekten wie Besondere Aufbauorganisation und nachgelagerten Aspekten wie Datensicherung. Schwerpunkte sind u. a.: Wiederanlaufplan; Geschäftsfortführungsplan; Sensibilisierung zum Vorgehen im Notfall.",08f29ac1-3394-435b-8e19-2af18b6cbdfa
Nutzung von digitalen Dienstleistungen,"Nutzung von digitalen Dienstleistungen beschreibt Verfahren und Regelungen zum Thema ""Nutzung von digitalen Dienstleistungen"" im Rahmen der jeweiligen Praktik, um die Informationssicherheit der Institution nachvollziehbar und wirksam zu gestalten. Es grenzt sich ab von vorgelagerten Aspekten wie Grundlagen und nachgelagerten Aspekten wie Kontrolle von Dienstleistern. Schwerpunkte sind u. a.: Mehr-Faktor-Authentifizierung; Transportverschlüsselung; Vollverschlüsselung.",2d92d691-07fe-4bc6-8c39-5bdaabb3e027
Passwortgebrauch,"Passwortgebrauch beschreibt Verfahren und Regelungen zum Thema ""Passwortgebrauch"" im Rahmen der jeweiligen Praktik, um die Informationssicherheit der Institution nachvollziehbar und wirksam zu gestalten. Es grenzt sich ab von vorgelagerten Aspekten wie Berechtigungsmanagement und nachgelagerten Aspekten wie Authentifizierung. Schwerpunkte sind u. a.: Vorkonfigurierte Authentisierungsmittel; Deaktivierung einfacher Biometrie; Mehr-Faktor-Authentisierung am Perimeter.",b2a0a857-7c7a-4a32-8abb-bf238de1f19c
Perimeterschutz,"Perimeterschutz beschreibt Verfahren und Regelungen zum Thema ""Perimeterschutz"" im Rahmen der jeweiligen Praktik, um die Informationssicherheit der Institution nachvollziehbar und wirksam zu gestalten. Es grenzt sich ab von vorgelagerten Aspekten wie Zugangsbeschränkungen und nachgelagerten Aspekten wie Vertraulichkeit und Integrität im Weitverkehrsnetz. Schwerpunkte sind u. a.: Einschränkung und Inspektion von Verbindungen; Produktdiversität; Blockieren direkter öffentlicher Verbindungen.",8180b8ce-d57d-4a68-be79-76c647fc96f9
Personalbetreuung,"Personalbetreuung beschreibt Verfahren und Regelungen zum Thema ""Personalbetreuung"" im Rahmen der jeweiligen Praktik, um die Informationssicherheit der Institution nachvollziehbar und wirksam zu gestalten. Es grenzt sich ab von vorgelagerten Aspekten wie Personalentwicklung und nachgelagerten Aspekten wie Weggang von Mitarbeitenden. Schwerpunkte sind u. a.: Maßregelung; Innentäter; Vertrauens-Check sicherheitskritischer Rollen.",c555cb32-1885-4697-ae6a-cf2fc244847a
Personalentwicklung,"Personalentwicklung beschreibt Verfahren und Regelungen zum Thema ""Personalentwicklung"" im Rahmen der jeweiligen Praktik, um die Informationssicherheit der Institution nachvollziehbar und wirksam zu gestalten. Es grenzt sich ab von vorgelagerten Aspekten wie Personalzugang und nachgelagerten Aspekten wie Personalbetreuung. Schwerpunkte sind u. a.: Qualifikationsbedarf; Rollenspezifische Schulungen und Sensibilisierungen.",b464c9dc-72d9-42a2-bdd6-207717685de7
Personalzugang,"Personalzugang beschreibt Verfahren und Regelungen zum Thema ""Personalzugang"" im Rahmen der jeweiligen Praktik, um die Informationssicherheit der Institution nachvollziehbar und wirksam zu gestalten. Es grenzt sich ab von vorgelagerten Aspekten wie Aufgaben, Rollen, Zuständigkeiten und nachgelagerten Aspekten wie Personalentwicklung. Schwerpunkte sind u. a.: Dienst- oder Arbeitsvertrag; Verfahrensanweisungen; Betriebs- und Geschäftsgeheimnisse.",2af62e3f-0681-400d-b829-ab05178a15c4
Physische Sicherheit,"Physische Sicherheit beschreibt Verfahren und Regelungen zum Thema ""Physische Sicherheit"" im Rahmen der jeweiligen Praktik, um die Informationssicherheit der Institution nachvollziehbar und wirksam zu gestalten. Es grenzt sich ab von vorgelagerten Aspekten wie Umgang mit spezifischen Zielobjekten und nachgelagerten Aspekten wie Mobiles Arbeiten. Schwerpunkte sind u. a.: Risiken der Nutzung von mobilen Endgeräten; Schließen von Türen und Fenstern; Mitbringen von IT-Systemen.",7b79ab25-2173-4657-8ed3-c4b17a664931
Physischer Perimeter,"Physischer Perimeter beschreibt Verfahren und Regelungen zum Thema ""Physischer Perimeter"" im Rahmen der jeweiligen Praktik, um die Informationssicherheit der Institution nachvollziehbar und wirksam zu gestalten. Es grenzt sich ab von vorgelagerten Aspekten wie Grundlagen und nachgelagerten Aspekten wie Physischer Zutritt. Schwerpunkte sind u. a.: Installation von Perimetern; Dokumentation öffentlicher Bereiche; Erkundung aus dem öffentlichen Raum.",c2eb65e7-af71-4d00-b38c-35fad5a724fe
Physischer Schutz,"Physischer Schutz beschreibt Verfahren und Regelungen zum Thema ""Physischer Schutz"" im Rahmen der jeweiligen Praktik, um die Informationssicherheit der Institution nachvollziehbar und wirksam zu gestalten. Es grenzt sich ab von vorgelagerten Aspekten wie Konfiguration von Systemen und nachgelagerten Aspekten wie Vertrauenswürdige Basisdienste. Schwerpunkte sind u. a.: Kryptographischer Hardwarespeicher; Speicherverschlüsselung; SIM-PIN.",1020ae3e-3137-428a-ac3a-345959b01a41
Physischer Zutritt,"Physischer Zutritt beschreibt Verfahren und Regelungen zum Thema ""Physischer Zutritt"" im Rahmen der jeweiligen Praktik, um die Informationssicherheit der Institution nachvollziehbar und wirksam zu gestalten. Es grenzt sich ab von vorgelagerten Aspekten wie Physischer Perimeter und nachgelagerten Aspekten wie Umwelteinflüsse. Schwerpunkte sind u. a.: Überwachung von Zutrittspunkten; Anmelde- und Empfangsbereiche; Authentifizierung vor Zutritt.",ae1d6874-2947-4e06-9dac-edb94ba47bd2
Platzierung von Assets,"Platzierung von Assets beschreibt Verfahren und Regelungen zum Thema ""Platzierung von Assets"" im Rahmen der jeweiligen Praktik, um die Informationssicherheit der Institution nachvollziehbar und wirksam zu gestalten. Es grenzt sich ab von vorgelagerten Aspekten wie Gemeinsame Arbeitsbereiche und nachgelagerten Aspekten wie Schlüsselverwaltung. Schwerpunkte sind u. a.: Zugang zu Ausgabesystemen; Geschützte Aufstellung; Netzkomponenten.",038aa0ae-dd86-495f-8f15-dcf25c708bfb
Protokollierung,"Protokollierung beschreibt Verfahren und Regelungen zum Thema ""Protokollierung"" im Rahmen der jeweiligen Praktik, um die Informationssicherheit der Institution nachvollziehbar und wirksam zu gestalten. Es grenzt sich ab von vorgelagerten Aspekten wie Meldung von Ereignissen und nachgelagerten Aspekten wie Überwachung von Aktivitäten. Schwerpunkte sind u. a.: Protokollierung sicherheitsrelevanter Ereignisse; Filterung nicht benötigter Inhalte; Speicherkapazität.",f89a51b5-45ec-43ba-8ebd-c079b7780802
Prozess der Informationssicherheitseinstufung,"Die Informationssicherheitseinstufung dient der systematischen Identifikation des Schutzbedarfs von Geschäftsprozessen und verarbeiteten Informationen. Hierbei wird zwischen dem Schutzbedarf ""normal"" und ""hoch"" unterschieden. Der prozessorientierte Ansatz stellt die Verbindung zwischen Geschäftsprozessen und Informationen in den Vordergrund.",74e1ef8c-6faf-4741-8731-2cf7785dedbf
Reaktion,"Reaktion beschreibt Verfahren und Regelungen zum Thema ""Reaktion"" im Rahmen der jeweiligen Praktik, um die Informationssicherheit der Institution nachvollziehbar und wirksam zu gestalten. Es grenzt sich ab von vorgelagerten Aspekten wie Grundlagen und nachgelagerten Aspekten wie Erkenntnisse. Schwerpunkte sind u. a.: Triage und Erstreaktion; Automatische Erstreaktion; Dokumentation von Vorfällen.",30760622-d505-4b78-a59c-4acdee3c4a6b
Regelungen zum Gebrauch,"Regelungen zum Gebrauch beschreibt Verfahren und Regelungen zum Thema ""Regelungen zum Gebrauch"" im Rahmen der jeweiligen Praktik, um die Informationssicherheit der Institution nachvollziehbar und wirksam zu gestalten. Es grenzt sich ab von vorgelagerten Aspekten wie Inventarisierung und nachgelagerten Aspekten wie Regelungen zum Transfer. Schwerpunkte sind u. a.: Nutzungsvereinbarungen; Kennzeichnung; Kennzeichnung ohne vertrauliche Daten.",ded840ba-8462-49cb-bde7-dfb2632d7871
Regelungen zum Transfer,"Regelungen zum Transfer beschreibt Verfahren und Regelungen zum Thema ""Regelungen zum Transfer"" im Rahmen der jeweiligen Praktik, um die Informationssicherheit der Institution nachvollziehbar und wirksam zu gestalten. Es grenzt sich ab von vorgelagerten Aspekten wie Regelungen zum Gebrauch und nachgelagerten Aspekten wie Wartung. Schwerpunkte sind u. a.: Autorisierung von Schnittstellen; Vertraulichkeit und Integrität beim Transport; Autorisierung von Veröffentlichungen.",bcaa84e2-2179-4e06-bad4-1f9cef1e3b80
Ressourcenauslastung,"Ressourcenauslastung beschreibt Verfahren und Regelungen zum Thema ""Ressourcenauslastung"" im Rahmen der jeweiligen Praktik, um die Informationssicherheit der Institution nachvollziehbar und wirksam zu gestalten. Es grenzt sich ab von vorgelagerten Aspekten wie Verteilte Anwendungen. Schwerpunkte sind u. a.: Begrenzung des Speicherplatzes; Begrenzung der Rechenleistung; Denial of Service.",baa36654-e2f4-4556-ad26-d235be35c5b4
Rollen und Berechtigungen,"Rollen und Berechtigungen beschreibt Verfahren und Regelungen zum Thema ""Rollen und Berechtigungen"" im Rahmen der jeweiligen Praktik, um die Informationssicherheit der Institution nachvollziehbar und wirksam zu gestalten. Es grenzt sich ab von vorgelagerten Aspekten wie Authentifizierung und nachgelagerten Aspekten wie Schutz vor Schadcode. Schwerpunkte sind u. a.: Minimal erforderliche Berechtigungen für Anwendungen; Gemeinsam genutzte Verzeichnisse; Kiosk-Modus.",2bad4a78-2487-4d7d-838b-8a47addae235
Rücknahme von Assets,"Rücknahme von Assets beschreibt Verfahren und Regelungen zum Thema ""Rücknahme von Assets"" im Rahmen der jeweiligen Praktik, um die Informationssicherheit der Institution nachvollziehbar und wirksam zu gestalten. Es grenzt sich ab von vorgelagerten Aspekten wie Wartung und nachgelagerten Aspekten wie Löschen und Vernichten. Schwerpunkte sind u. a.: Abhandenkommen; Rückkehr abhandengekommener Assets; Konformitätsprüfung.",0dc994d9-6c58-4fd3-9487-1c9a74b0752f
Schlüsselmanagement,"Schlüsselmanagement beschreibt Verfahren und Regelungen zum Thema ""Schlüsselmanagement"" im Rahmen der jeweiligen Praktik, um die Informationssicherheit der Institution nachvollziehbar und wirksam zu gestalten. Es grenzt sich ab von vorgelagerten Aspekten wie Authentifizierung. Schwerpunkte sind u. a.: Etablierte Algorithmen bei der Schlüsselerzeugung; Schlüssellänge; Verzeichnis öffentlicher Schlüssel.",a0e4d959-6ed7-4c83-acf8-29901ad3ddf9
Schlüsselverwaltung,"Schlüsselverwaltung beschreibt Verfahren und Regelungen zum Thema ""Schlüsselverwaltung"" im Rahmen der jeweiligen Praktik, um die Informationssicherheit der Institution nachvollziehbar und wirksam zu gestalten. Es grenzt sich ab von vorgelagerten Aspekten wie Platzierung von Assets und nachgelagerten Aspekten wie Verwahrung von Speichermedien. Schwerpunkte sind u. a.: Schlüsselbeauftragte; Verwahrung von Schlüsseln; Schlüsselaudit.",9d651c54-5613-407c-a035-abe0039cf0fe
Schutz vor Elementarschäden,"Schutz vor Elementarschäden beschreibt Verfahren und Regelungen zum Thema ""Schutz vor Elementarschäden"" im Rahmen der jeweiligen Praktik, um die Informationssicherheit der Institution nachvollziehbar und wirksam zu gestalten. Es grenzt sich ab von vorgelagerten Aspekten wie Versorgungseinrichtungen. Schwerpunkte sind u. a.: Brandschutz; Wasserschutz; Blitzschutzeinrichtungen.",cbe8a318-2d67-4edc-a3d6-b892498b111b
Schutz vor Schadcode,"Schutz vor Schadcode beschreibt Verfahren und Regelungen zum Thema ""Schutz vor Schadcode"" im Rahmen der jeweiligen Praktik, um die Informationssicherheit der Institution nachvollziehbar und wirksam zu gestalten. Es grenzt sich ab von vorgelagerten Aspekten wie Rollen und Berechtigungen und nachgelagerten Aspekten wie Sicherheitsupdates. Schwerpunkte sind u. a.: Echtzeitscanner; Regelmäßige Scans; Host-basierte Angriffserkennung.",cf654423-ecec-43a5-98aa-b1af0a023e17
Schutz vor Schadprogrammen,"Schutz vor Schadprogrammen beschreibt Verfahren und Regelungen zum Thema ""Schutz vor Schadprogrammen"" im Rahmen der jeweiligen Praktik, um die Informationssicherheit der Institution nachvollziehbar und wirksam zu gestalten. Es grenzt sich ab von vorgelagerten Aspekten wie Grundlegende Sensibilisierung und nachgelagerten Aspekten wie Authentisierung. Schwerpunkte sind u. a.: Schadprogramme; Öffnen verdächtiger Dateien; Umwandeln verdächtiger Dateien.",f580d6e8-61d4-4a7f-8552-d99586634099
Senden und Empfangen von Nachrichten,"Senden und Empfangen von Nachrichten beschreibt Verfahren und Regelungen zum Thema ""Senden und Empfangen von Nachrichten"" im Rahmen der jeweiligen Praktik, um die Informationssicherheit der Institution nachvollziehbar und wirksam zu gestalten. Es grenzt sich ab von vorgelagerten Aspekten wie Kontrollierte Datenverarbeitung und nachgelagerten Aspekten wie Verteilte Anwendungen. Schwerpunkte sind u. a.: Filtern schädlicher Nachrichten; Authentizität von Nachrichten; Kryptographische Signatur des Mailservers.",268f6bca-9550-461a-85a5-7da7908fb95c
Sensibilisierung der Leitungsebene,"Sensibilisierung der Leitungsebene beschreibt Verfahren und Regelungen zum Thema ""Sensibilisierung der Leitungsebene"" im Rahmen der jeweiligen Praktik, um die Informationssicherheit der Institution nachvollziehbar und wirksam zu gestalten. Es grenzt sich ab von vorgelagerten Aspekten wie Administration und nachgelagerten Aspekten wie Spezifische Risiken. Schwerpunkte sind u. a.: Sensibilisierung der Institutionsleitung; Führen als Vorbild; Whaling.",0c5e4691-4fe6-42a1-b809-4b326c292b67
Sicherheitsbereiche,"Sicherheitsbereiche beschreibt Verfahren und Regelungen zum Thema ""Sicherheitsbereiche"" im Rahmen der jeweiligen Praktik, um die Informationssicherheit der Institution nachvollziehbar und wirksam zu gestalten. Es grenzt sich ab von vorgelagerten Aspekten wie Umwelteinflüsse und nachgelagerten Aspekten wie Gemeinsame Arbeitsbereiche. Schwerpunkte sind u. a.: Einrichtung; Gesonderte Autorisierung; Schleusen.",6879281b-85d6-4289-a073-1d65d1b069a5
Sicherheitsorganisation und Rollen,"Die Sicherheitsorganisation für die Institution muss mit festgelegten Rollen, Zuständigkeiten sowie relevanten Gremien verankert werden. Ziel ist es, alle relevanten Bereiche eines ISMS sowie die wichtigen Schnittstellen zu anderen Bereichen vollständig und wirksam in der Institution abzubilden.",c04122d4-3c02-4c27-bd26-e63f0534d0bd
Sicherheitsupdates,"Sicherheitsupdates beschreibt Verfahren und Regelungen zum Thema ""Sicherheitsupdates"" im Rahmen der jeweiligen Praktik, um die Informationssicherheit der Institution nachvollziehbar und wirksam zu gestalten. Es grenzt sich ab von vorgelagerten Aspekten wie Schutz vor Schadcode und nachgelagerten Aspekten wie Verfügbarkeit von Ressourcen. Schwerpunkte sind u. a.: Automatische Überprüfung; Automatische Updates der Anwendung.",2ffa8a76-c30b-47a2-b2d3-8cfd9c397795
Softwareentwicklung - Code,"Softwareentwicklung - Code beschreibt Verfahren und Regelungen zum Thema ""Softwareentwicklung - Code"" im Rahmen der jeweiligen Praktik, um die Informationssicherheit der Institution nachvollziehbar und wirksam zu gestalten. Es grenzt sich ab von vorgelagerten Aspekten wie Softwareentwicklung - Härtung und nachgelagerten Aspekten wie Softwareentwicklung - Updates. Schwerpunkte sind u. a.: Nutzerinformation bei kritischen Ereignissen; Bibliotheksquellen; SBOM.",788c2014-fff2-45f3-97c4-46f56ece2a1b
Softwareentwicklung - Härtung,"Softwareentwicklung - Härtung beschreibt Verfahren und Regelungen zum Thema ""Softwareentwicklung - Härtung"" im Rahmen der jeweiligen Praktik, um die Informationssicherheit der Institution nachvollziehbar und wirksam zu gestalten. Es grenzt sich ab von vorgelagerten Aspekten wie Softwareentwicklung - Security by Design und nachgelagerten Aspekten wie Softwareentwicklung - Code. Schwerpunkte sind u. a.: Replay-Angriffe; Routinen zur Fehlerbehandlung; Deaktivierung der Ausgabe schützenswerter Daten durch Fehlermeldungen.",dad9060e-baa4-4044-9ec0-796714c4fbd5
Softwareentwicklung - Security by Design,"Softwareentwicklung - Security by Design beschreibt Verfahren und Regelungen zum Thema ""Softwareentwicklung - Security by Design"" im Rahmen der jeweiligen Praktik, um die Informationssicherheit der Institution nachvollziehbar und wirksam zu gestalten. Es grenzt sich ab von vorgelagerten Aspekten wie Grundlagen und nachgelagerten Aspekten wie Softwareentwicklung - Härtung. Schwerpunkte sind u. a.: Architektur nach dem Prinzip ""Security by Design""; Dokumentation der (Software-)Architektur; Ausführbarkeit mit minimalen Rechten.",4be7dbf9-f9b9-4f79-8315-41cc9bd14030
Softwareentwicklung - Updates,"Softwareentwicklung - Updates beschreibt Verfahren und Regelungen zum Thema ""Softwareentwicklung - Updates"" im Rahmen der jeweiligen Praktik, um die Informationssicherheit der Institution nachvollziehbar und wirksam zu gestalten. Es grenzt sich ab von vorgelagerten Aspekten wie Softwareentwicklung - Code und nachgelagerten Aspekten wie Freigabe. Schwerpunkte sind u. a.: Verankerung des Zeitraums für Updates; Information über Zeitraum für Updates; Integritätsprüfung.",accbabf3-e91b-4f5c-a1e3-7109c1971a6b
Spezifische Risiken,"Spezifische Risiken beschreibt Verfahren und Regelungen zum Thema ""Spezifische Risiken"" im Rahmen der jeweiligen Praktik, um die Informationssicherheit der Institution nachvollziehbar und wirksam zu gestalten. Es grenzt sich ab von vorgelagerten Aspekten wie Sensibilisierung der Leitungsebene. Schwerpunkte sind u. a.: Hohe Risiken.",460a3e0b-2a34-4a3f-bfc0-28edca90fa14
Tests,"Tests beschreibt Verfahren und Regelungen zum Thema ""Tests"" im Rahmen der jeweiligen Praktik, um die Informationssicherheit der Institution nachvollziehbar und wirksam zu gestalten. Es grenzt sich ab von vorgelagerten Aspekten wie Vorbereitung und nachgelagerten Aspekten wie Freigabe. Schwerpunkte sind u. a.: Sicherheitstest; Testabdeckung.",b672005f-aa77-4dd4-9cb4-c5c1b1736b2a
Umgang mit Datenträgern,"Umgang mit Datenträgern beschreibt Verfahren und Regelungen zum Thema ""Umgang mit Datenträgern"" im Rahmen der jeweiligen Praktik, um die Informationssicherheit der Institution nachvollziehbar und wirksam zu gestalten. Es grenzt sich ab von vorgelagerten Aspekten wie Umgang mit Informationen und nachgelagerten Aspekten wie Umgang mit spezifischen Zielobjekten. Schwerpunkte sind u. a.: Scan angenommener Wechseldatenträger; Verschlüsselung.",44a2f01e-7bc2-4530-aa6f-edd721cb4cd9
Umgang mit Informationen,Umgang mit Informationen enthält Verfahren und Regelungen die bei der Verarbeitung von Informationen zu beachten sind. Es grenzt sich ab von vorgelagerten Aspekten wie der Authentisierung zum Zugriff. Dabei stehen die Daten selbst im Zentrum und nicht der Umgang mit Systemen oder Datenträgern als Ganzes. Schwerpunkte sind u. a.: die Weitergabe von Informationen oder die Frage welche Daten wo abzulegen sind.,0ff0f2da-afe5-49eb-825b-59c101cb39c0
Umgang mit Nicht-Konformitäten,"Der systematische Umgang mit Nicht-Konformitäten ist ein zentraler Bestandteil des kontinuierlichen Verbesserungsprozesses. Nicht-Konformitäten – also Abweichungen von definierten Anforderungen, Standards oder Erwartungen – stellen wichtige Indikatoren für Verbesserungspotenzial dar und müssen strukturiert behandelt werden, um die Wirksamkeit des ISMS zu steigern.",7c07b3bb-c479-4b66-a527-365850d2f694
Umgang mit spezifischen Zielobjekten,"Umgang mit spezifischen Zielobjekten beschreibt Verfahren und Regelungen zum Thema ""Umgang mit spezifischen Zielobjekten"" im Rahmen der jeweiligen Praktik, um die Informationssicherheit der Institution nachvollziehbar und wirksam zu gestalten. Es grenzt sich ab von vorgelagerten Aspekten wie Umgang mit Datenträgern und nachgelagerten Aspekten wie Physische Sicherheit. Schwerpunkte sind u. a.: Spezifische Sensibilisierung; Virenscan; Automatische Antworten.",364dfb41-a2c3-439e-8e80-a65d7ff4a41e
Umsetzungsplanung und Priorisierung,"Die Umsetzungsplanung umfasst die Festlegung konkreter Maßnahmen für die Umsetzung nicht erfüllter Anforderungen aus dem Anforderungspaket. Priorisierung der festgelegten Maßnahmen erfolgt auf Basis der Risikobetrachtung und weiterer relevanter Faktoren wie Abhängigkeiten und Ressourcenverfügbarkeit, sowie dem Aufwand.",33928743-3371-40c9-a2ae-4f392566f08b
Validierung der Anforderungen,Validierung der Anforderungen beschreibt den Prozess der Überprüfung der Aktualität der Anforderungen.,b47fdba9-8ca5-49e3-9d96-d44627477a6d
Verfügbarkeit von Ressourcen,"Verfügbarkeit von Ressourcen beschreibt Verfahren und Regelungen zum Thema ""Verfügbarkeit von Ressourcen"" im Rahmen der jeweiligen Praktik, um die Informationssicherheit der Institution nachvollziehbar und wirksam zu gestalten. Es grenzt sich ab von vorgelagerten Aspekten wie Sicherheitsupdates und nachgelagerten Aspekten wie Konfiguration von Anwendungen. Schwerpunkte sind u. a.: Speicherplatzbegrenzung; Begrenzung der Rechenleistung; Alternative Komponenten für kritische Funktionen.",100e91f0-6096-4663-98e5-1667ca9c2849
Versorgungseinrichtungen,"Versorgungseinrichtungen beschreibt Verfahren und Regelungen zum Thema ""Versorgungseinrichtungen"" im Rahmen der jeweiligen Praktik, um die Informationssicherheit der Institution nachvollziehbar und wirksam zu gestalten. Es grenzt sich ab von vorgelagerten Aspekten wie Verwahrung von Speichermedien und nachgelagerten Aspekten wie Schutz vor Elementarschäden. Schwerpunkte sind u. a.: Normgerechte Stromversorgung; Lasttest; Notaus.",846b6374-b374-4f2f-8088-84695b2bcb05
Verteilte Anwendungen,"Verteilte Anwendungen beschreibt Verfahren und Regelungen zum Thema ""Verteilte Anwendungen"" im Rahmen der jeweiligen Praktik, um die Informationssicherheit der Institution nachvollziehbar und wirksam zu gestalten. Es grenzt sich ab von vorgelagerten Aspekten wie Senden und Empfangen von Nachrichten und nachgelagerten Aspekten wie Ressourcenauslastung. Schwerpunkte sind u. a.: Verschlüsselung beim Transport; Source Port Randomisierung; Iterative Beantwortung.",383c6331-8231-46b9-9605-1338add3335e
Vertrauensbeziehungen,"Vertrauensbeziehungen beschreibt Verfahren und Regelungen zum Thema ""Vertrauensbeziehungen"" im Rahmen der jeweiligen Praktik, um die Informationssicherheit der Institution nachvollziehbar und wirksam zu gestalten. Es grenzt sich ab von vorgelagerten Aspekten wie Konfiguration von Anwendungen und nachgelagerten Aspekten wie Kontrollierte Datenverarbeitung. Schwerpunkte sind u. a.: Authentifizierung vor dem Zugriff; Warteraum; Alternative Authentifizierung.",29f77df2-4ae6-4bdf-8d1a-41c7a6ca2710
Vertrauenswürdige Basisdienste,"Vertrauenswürdige Basisdienste beschreibt Verfahren und Regelungen zum Thema ""Vertrauenswürdige Basisdienste"" im Rahmen der jeweiligen Praktik, um die Informationssicherheit der Institution nachvollziehbar und wirksam zu gestalten. Es grenzt sich ab von vorgelagerten Aspekten wie Physischer Schutz und nachgelagerten Aspekten wie Authentifizierung. Schwerpunkte sind u. a.: Anbindung an Verzeichnisdienst; DNS-Anbindung; Authentifizierung von Fernwartungsfunktionen.",9d2b99f4-e2fd-4586-9389-5b8d47a5602a
Vertraulichkeit und Integrität im Weitverkehrsnetz,"Vertraulichkeit und Integrität im Weitverkehrsnetz beschreibt Verfahren und Regelungen zum Thema ""Vertraulichkeit und Integrität im Weitverkehrsnetz"" im Rahmen der jeweiligen Praktik, um die Informationssicherheit der Institution nachvollziehbar und wirksam zu gestalten. Es grenzt sich ab von vorgelagerten Aspekten wie Perimeterschutz und nachgelagerten Aspekten wie Dedizierte Systeme. Schwerpunkte sind u. a.: Kontrollierte Verbindungsführung; Verschlüsselung von Weiterverkehrsverbindungen.",074c7160-e467-4ad7-9625-7ae1327982a4
Verwahrung von Speichermedien,"Verwahrung von Speichermedien beschreibt Verfahren und Regelungen zum Thema ""Verwahrung von Speichermedien"" im Rahmen der jeweiligen Praktik, um die Informationssicherheit der Institution nachvollziehbar und wirksam zu gestalten. Es grenzt sich ab von vorgelagerten Aspekten wie Schlüsselverwaltung und nachgelagerten Aspekten wie Versorgungseinrichtungen. Schwerpunkte sind u. a.: Gesonderte Aufbewahrung; Staub und Schmutz; Schutz der Datenträger vor Brandschäden.",bce6496a-7e16-411d-84ab-ee463207689e
Vorbereitung,"Vorbereitung beschreibt Verfahren und Regelungen zum Thema ""Vorbereitung"" im Rahmen der jeweiligen Praktik, um die Informationssicherheit der Institution nachvollziehbar und wirksam zu gestalten. Es grenzt sich ab von vorgelagerten Aspekten wie Grundlagen und nachgelagerten Aspekten wie Tests. Schwerpunkte sind u. a.: Versionshistorie; Folgenabschätzung.",04395293-6d5e-46e8-bc4b-d1ce49d08c7d
Vorfallserkennung,"Vorfallserkennung beschreibt Verfahren und Regelungen zum Thema ""Vorfallserkennung"" im Rahmen der jeweiligen Praktik, um die Informationssicherheit der Institution nachvollziehbar und wirksam zu gestalten. Es grenzt sich ab von vorgelagerten Aspekten wie Management von Schwachstellen. Schwerpunkte sind u. a.: Beurteilung von Ereignissen; Beurteilung  von Eingängen.",2bad125b-a136-415f-b72f-47c999fe16e8
Wahrung von Compliance in der Umsetzung,Es ist ein Verfahren zu definieren (z.B. Prüflisten oder Auditierung) wie Compliance im Umsetzungsprozess überprüft wird.,1326a330-d71f-4e65-bd23-63c9f3fbc368
Wartung,"Wartung beschreibt Verfahren und Regelungen zum Thema ""Wartung"" im Rahmen der jeweiligen Praktik, um die Informationssicherheit der Institution nachvollziehbar und wirksam zu gestalten. Es grenzt sich ab von vorgelagerten Aspekten wie Regelungen zum Transfer und nachgelagerten Aspekten wie Rücknahme von Assets. Schwerpunkte sind u. a.: Geregelte Wartungen; Präventive Wartung; Autorisierung von Wartungen.",ea4483ce-48a6-4404-b7f7-cb897cbd9fcb
Weggang von Mitarbeitenden,"Weggang von Mitarbeitenden beschreibt Verfahren und Regelungen zum Thema ""Weggang von Mitarbeitenden"" im Rahmen der jeweiligen Praktik, um die Informationssicherheit der Institution nachvollziehbar und wirksam zu gestalten. Es grenzt sich ab von vorgelagerten Aspekten wie Personalbetreuung. Schwerpunkte sind u. a.: Weggang.",49a39d78-bee2-4cef-bb4f-c77da99b8467
Wireless LAN,"Wireless LAN beschreibt Verfahren und Regelungen zum Thema ""Wireless LAN"" im Rahmen der jeweiligen Praktik, um die Informationssicherheit der Institution nachvollziehbar und wirksam zu gestalten. Es grenzt sich ab von vorgelagerten Aspekten wie Netzdesign und nachgelagerten Aspekten wie Zugangsbeschränkungen. Schwerpunkte sind u. a.: Netzabdeckung; Einschränkung in Sicherheitsbereichen; SSIDs.",3aec9759-e015-4571-84b0-9eeac4833a62
Wirksamkeitsprüfung,Die Überprüfung der Wirksamkeit schließt die Lücke zwischen der Planung und Umsetzung von Maßnahmen einerseits und der Bewertung ihrer tatsächlichen  Wirkung andererseits.,3e413493-ecda-446c-9ed8-77825995aaeb
Zugangsbeschränkungen,"Zugangsbeschränkungen beschreibt Verfahren und Regelungen zum Thema ""Zugangsbeschränkungen"" im Rahmen der jeweiligen Praktik, um die Informationssicherheit der Institution nachvollziehbar und wirksam zu gestalten. Es grenzt sich ab von vorgelagerten Aspekten wie Wireless LAN und nachgelagerten Aspekten wie Perimeterschutz. Schwerpunkte sind u. a.: Netzzugangskontrolle; Autorisiertes Routing; Authentifizierung von Routingprotokollen.",c2d727b8-fcd4-46d5-a64b-b3901ea738d8
Zugangskonten,"Zugangskonten beschreibt Verfahren und Regelungen zum Thema ""Zugangskonten"" im Rahmen der jeweiligen Praktik, um die Informationssicherheit der Institution nachvollziehbar und wirksam zu gestalten. Es grenzt sich ab von vorgelagerten Aspekten wie Identitätsmanagement und nachgelagerten Aspekten wie Berechtigungsmanagement. Schwerpunkte sind u. a.: Zentrales Management; Einschränkung des Managements; Protokollierung von Änderungen.",2d8f7753-5bd5-42d3-8e26-1ef4582da9ea
Zuständigkeiten und Umsetzungsfristen,Die eindeutige Festlegung von Zuständigkeiten und realistischen Umsetzungsfristen überführt die geplanten Maßnahmen in verbindliche Aufgaben mit klaren Verantwortlichkeiten und zeitlichen Vorgaben.,9279a98f-4ce0-42fd-9d05-b6e58e952cf9
Überprüfung des gesetzten Sicherheitsniveaus,"In diesem Teilschritt der Anforderungsanalyse ist es möglich die initiale Einstellung des Sicherheitsniveaus zu überprüfen und bei Bedarf, auch bei einzelnen Assets, zu ändern.",d41b337c-f304-454e-b032-d4efd12f7161
Überwachung der Compliance,"Die Überwachungsaktivitäten sollten risikoorientiert erfolgen, wobei besonderes Augenmerk auf Bereiche mit hoher rechtlicher Relevanz oder potenziell schwerwiegenden Konsequenzen bei Verstößen gelegt werden sollte. Die Ergebnisse der Compliance-Überwachung sollten dokumentiert und in den kontinuierlichen Verbesserungsprozess eingespeist werden.",63f59113-8455-4a98-9640-e2cfafdde7e0
Überwachung von Aktivitäten,"Überwachung von Aktivitäten beschreibt Verfahren und Regelungen zum Thema ""Überwachung von Aktivitäten"" im Rahmen der jeweiligen Praktik, um die Informationssicherheit der Institution nachvollziehbar und wirksam zu gestalten. Es grenzt sich ab von vorgelagerten Aspekten wie Protokollierung und nachgelagerten Aspekten wie Management von Schwachstellen. Schwerpunkte sind u. a.: Überwachung der Protokollierung; Automatische Angriffserkennung; Überwachung der Angriffserkennung.",d1295ff6-7958-42f2-9e5e-987b0ed117dc
